,0,1,2,3,4,5
0,"₹ 35,00,000",1950 - 500 km,Restomoded 1950 Hillman Minx,"ANDHERI EAST, MUMBAI",AUG 02,
1,"₹ 5,75,000","2016 - 66,000 km","Nissan Terrano 2013-2017 XL Plus 85 PS, 2016, Diesel","NARANPURA, AHMEDABAD",JUN 06,
2,"₹ 11,50,000","2012 - 113,000 km","Volvo XC60 D5 Summum, 2012, Diesel","RS PURAM, COIMBATORE",JUL 30,
3,"₹ 4,55,000","2019 - 7,000 km","Maruti Suzuki Celerio VXI Optional MT, 2019, Petrol","SECTOR 9, FARIDABAD",TODAY,
4,"₹ 83,000","2003 - 79,000 km","Maruti Suzuki 800 AC, 2003, Petrol","PANDIAN NAGAR, TIRUPPUR",TODAY,
5,"₹ 3,15,000","2010 - 87,000 km","Chevrolet Cruze 2010-2011 LTZ, 2010, Diesel","HITECH CITY, HYDERABAD",TODAY,
6,"₹ 4,70,000","2016 - 75,000 km","Amaze diesel 2016,well condition","CHROMEPET SANTHI NAGAR, CHENNAI",TODAY,
7,"₹ 1,10,000","2008 - 77,500 km","Chevrolet Aveo 1.6 LT, 2008, Petrol","ERNAKULAM, KOCHI",TODAY,
8,"₹ 7,50,000","2012 - 80,000 km","Volkswagen Jetta 2.0L TDI Highline AT, 2012, Diesel","NEHRU NAGAR, THRISSUR",TODAY,
9,"₹ 5,25,000","2015 - 84,000 km","Toyota Etios Liva 1.4 VD, 2015, Diesel","RAJIV NAGAR, NASHIK",TODAY,
10,"₹ 4,25,000","2012 - 56,000 km","Hyundai i20 1.4 Sportz, 2012, Petrol","RAJIV NAGAR, NASHIK",TODAY,
11,"₹ 18,70,000","2014 - 44,000 km","Mini Cooper S 3-Door, 2014, Petrol","KK NAGAR TNHB COLONY, CHENNAI",TODAY,
12,"₹ 64,99,999","2007 - 29,000 km","Bentley Continental GT Coupe, 2007, Petrol","MALAD WEST, MUMBAI",TODAY,
13,"₹ 3,50,000","2011 - 108,000 km","Toyota Etios 1.4 GD, 2011, Diesel","RAJIV NAGAR, NASHIK",TODAY,
14,"₹ 2,15,000","2009 - 75,000 km","Hyundai i10 2007-2010 Magna 1.2, 2009, Petrol","MANSAROVAR, JAIPUR",TODAY,
15,"₹ 3,40,000","2012 - 75,000 km","Hyundai I20 Magna (O), 1.4 CRDI, 2012, Diesel","MANSAROVAR, JAIPUR",TODAY,
16,"₹ 12,50,000","2014 - 95,000 km","Toyota Fortuner 2011-2016 4x2 Manual, 2014, Diesel","SOUTH EXTENSION PART 2, DELHI",TODAY,
17,"₹ 2,60,000","2011 - 68,000 km","Maruti Suzuki Swift 2011-2014 Star VXI, 2011, Petrol","PREET VIHAR, DELHI",TODAY,
18,"₹ 11,75,000","2017 - 25,000 km","Honda City ZX CVT, 2017, Petrol","MADURAI RAILWAY STATION AREA, MADURAI",JUL 21,
19,"₹ 21,25,000","2019 - 43,000 km","Toyota Innova Crysta 2.4 VX MT 8S, 2019, Diesel","SINDHI COLONY, HYDERABAD",TODAY,
20,"₹ 5,40,000","2015 - 65,000 km","Hyundai Elite i20 Magna Plus, 2015, Petrol","NIJAM NAGAR, JALANDHAR",JUL 21,
21,"₹ 2,90,000","2014 - 53,000 km","Maruti Suzuki Wagon R 1.0 LXi, 2014, Petrol","PREET VIHAR, DELHI",5 DAYS AGO,
22,"₹ 2,35,000","2011 - 71,000 km","Maruti Suzuki Wagon R 2010-2012 LXI BSII, 2011, Petrol","MANSAROVAR, JAIPUR",5 DAYS AGO,
23,"₹ 2,75,000","2015 - 63,000 km","Hyundai EON Magna, 2015, Petrol","MANSAROVAR, JAIPUR",5 DAYS AGO,
24,"₹ 8,20,000","2015 - 37,000 km","Mahindra Scorpio S6, 2015, Diesel","MALOW ALI, JORHAT",5 DAYS AGO,
25,"₹ 6,10,000","2015 - 150,000 km",Tempo traveler. A.c@T.v box. @Fc@insurance corrent.good condition,"NEW RAILWAY STATION, KANCHEEPURAM",AUG 13,
26,"₹ 95,000","2010 - 42,000 km","Tata Nano 2009-2011 Cx, 2010, Petrol","KODAMBAKKAM SUBRAMANIA NAGAR, CHENNAI",5 DAYS AGO,
27,"₹ 3,99,000","2015 - 67,000 km","Honda Amaze E Option i-DTEC, 2015, Diesel","JHALAMAND, JODHPUR",2 DAYS AGO,
28,"₹ 6,00,000","2014 - 134,000 km","Ford Ecosport 1.5 Diesel Titanium, 2014, Diesel","MAHALINGAPURAM, POLLACHI",5 DAYS AGO,
29,"₹ 7,40,000","2018 - 19,000 km","Renault Duster Petrol RxL, 2018, Petrol","MAYUR VIHAR, DELHI",5 DAYS AGO,
30,"₹ 3,29,999","2013 - 23,000 km","Toyota Etios Liva 1.2 G, 2013, Petrol","VIMAN NAGAR, PUNE",TODAY,
31,"₹ 3,45,000","2010 - 62,000 km","Skoda Superb 2008-2013 Elegance 1.8 TSI AT, 2010, Petrol","VIMAN NAGAR, PUNE",TODAY,
32,"₹ 1,45,000","2009 - 95,000 km","Chevrolet Aveo U-VA 1.2 LS, 2009, CNG & Hybrids","VIMAN NAGAR, PUNE",2 DAYS AGO,
33,"₹ 1,65,000","2007 - 96,000 km","Maruti Suzuki Swift 2004-2010 1.3 VXi, 2007, Petrol","VIMAN NAGAR, PUNE",2 DAYS AGO,
34,"₹ 3,15,000","2008 - 85,000 km","Honda Civic 1.8 V MT, 2008, Petrol","RAJAJI NAGAR, BENGALURU",TODAY,
35,"₹ 3,99,999","2012 - 67,286 km","Chevrolet Cruze 2012 LTZ, 2012, Diesel","VIMAN NAGAR, PUNE",TODAY,
36,"₹ 1,40,00,000","2019 - 1,300 km","BMW i8 Others, 2019, Petrol","CAMAC STREET AREA, KOLKATA",AUG 06,
37,"₹ 6,28,000","2016 - 41,504 km","Hyundai Elite i20 Asta 1.2, 2016, Petrol","HADAPSAR, PUNE",JUL 25,
38,"₹ 12,15,000","2017 - 54,000 km","Mahindra XUV500 W9, 2017, Diesel","MIRA, THANE",JUL 24,
39,"₹ 5,40,000","2014 - 56,000 km","Volkswagen Polo 1.5 TDI Highline, 2014, Diesel","T NAGAR, CHENNAI",TODAY,
40,"₹ 2,75,000","2013 - 81,000 km","Maruti Suzuki Alto 800 LXI, 2013, Petrol","JUNCTION, SALEM",5 DAYS AGO,
41,"₹ 4,60,000","2016 - 56,300 km","Hyundai i20 Magna Plus, 2016, Petrol","SAKET, DELHI",5 DAYS AGO,
42,"₹ 3,00,000","2008 - 50,000 km","Honda Accord 2.4 Manual, 2008, Petrol","MALVIYA NAGAR, DELHI",TODAY,
43,"₹ 2,70,000","2009 - 62,365 km","Toyota Corolla Altis 1.8 G, 2009, Petrol","SAKET, DELHI",TODAY,
44,"₹ 4,17,000","2020 - 7,000 km","Maruti Suzuki S-Presso VXI, 2020, Petrol","GEETA COLONY, DELHI",2 DAYS AGO,
45,"₹ 2,75,000","2011 - 94,000 km","Maruti Suzuki Ritz 2009-2011 VXI, 2011, Petrol","SAPTRANG CHOWK, NASHIK",TODAY,
46,"₹ 1,75,000","2012 - 94,000 km","Skoda Rapid 1.5 TDI Active, 2012, Diesel","JAHANGIRPURI, DELHI",5 DAYS AGO,
47,"₹ 30,000",Scrap/old/dead/car/buyer/we/buy/all/types/of/scrap cars/bikes,"BHEL, HYDERABAD",TODAY,,
48,"₹ 9,99,000","2014 - 80,000 km","Volkswagen Jetta 2.0L TDI Comfortline, 2014, Diesel","SRI NAGAR COLONY, HYDERABAD",TODAY,
49,"₹ 19,00,000","2019 - 32,000 km","Mahindra XUV500 W11 Option, 2019, Diesel","JALAHALLI, BENGALURU",TODAY,
50,"₹ 5,40,000","2010 - 124,000 km","Skoda Superb 2008-2013 Elegance 1.8 TSI AT, 2010, Petrol","JALAHALLI, BENGALURU",5 DAYS AGO,
51,"₹ 55,00,000",3 Bds - 3 Ba - 1680 ft2,5BHK-4BHK-3BHK-2BHK-FLAT-PLOT-SHOP-2-3-4-5 BHK-VILLA-KOTHI-DUPLEX-CAR,"DHAKAULI, ZIRAKPUR",TODAY,
52,"₹ 59,90,000",3 Bds - 3 Ba - 1850 ft2,5BHK-4BHK-3BHK-2BHK-FLAT-PLOT-SHOP-2-3-4-5 BHK-VILLA-KOTHI-DUPLEX-CAR,"AMBALA CHANDIGARH EXPRESSWAY, ZIRAKPUR",TODAY,
53,"₹ 5,75,000","2015 - 55,000 km","Hyundai i20 Active 1.4 SX (O), 2015, Diesel","NARANPURA, AHMEDABAD",TODAY,
54,"₹ 4,65,000","2018 - 62,000 km","Hyundai Xcent 1.2 CRDi E, 2018, Diesel","NUNGAMBAKKAM, CHENNAI",APR 01,
55,"₹ 3,65,000","2014 - 44,254 km","Hyundai Santro Xing GLS, 2014, Petrol","SS PURAM, TUMAKURU",JAN 18,
56,"₹ 33,50,000","2013 - 58,000 km","Porsche Cayenne Diesel Platinum Edition, 2013, Diesel","INDUSTRIAL AREA, CHANDIGARH",JUL 14,
57,"₹ 6,51,000","2015 - 86,000 km","Hyundai Fluidic Verna 1.6 CRDi SX Automatic, 2015, Diesel","ADAJAN, SURAT",5 DAYS AGO,
58,"₹ 5,25,000","2015 - 57,000 km","Maruti Suzuki Swift Dzire VDI, 2015, Diesel","PALDI, AHMEDABAD",5 DAYS AGO,
59,"₹ 8,75,000","2012 - 305,000 km","Toyota Innova 2012-2013 2.5 GX (Diesel) 7 Seater BS IV, 2012, Diesel","NEDUNCHALAI NAGAR, SALEM",5 DAYS AGO,
60,"₹ 10,29,000","2017 - 20,000 km","Honda City 2015-2017 i VTEC VX Option, 2017, Petrol","PALARIVATTOM, KOCHI",TODAY,
61,"₹ 6,25,000","2018 - 73,000 km","Volkswagen Ameo 1.5 TDI Highline, 2018, Diesel","NAVRANGPURA, AHMEDABAD",TODAY,
62,"₹ 2,40,000","2012 - 56,000 km","Hyundai i10 Magna 1.1L, 2012, CNG & Hybrids","GEETA COLONY, DELHI",TODAY,
63,"₹ 4,95,000","2016 - 58,723 km","Hyundai Grand I 10 Others, 2016, Petrol","KOYAMBEDU MATTUKULAM, CHENNAI",TODAY,
64,"₹ 3,44,000","2013 - 85,000 km","Chevrolet Enjoy 1.3 TCDi LS 8, 2013, Diesel","BASHEER BAGH, HYDERABAD",TODAY,
65,"₹ 7,84,000",Replica Vintage Car,"ARJUN NAGAR, JALNA",TODAY,,
66,"₹ 7,85,500",Modify Vintage Car,"KALI BADI NETAJI CHOWK, BANARSI",TODAY,,
67,"₹ 7,69,000",Vintage Wedding Cars,"PASCHIM CHAK CHAKA, DAKHIN RAMPUR",TODAY,,
68,"₹ 7,65,000",Replica Vintage Cars,"JAFRABAD WEEKLY MARKET, JAFRABAD",TODAY,,
69,Govandi / SCRAP CARS BUYERS _ ALL CARS,"GOVANDI, MUMBAI",TODAY,,,
70,Chembur / SCRAP CARS BUYERS,"CHEMBUR, MUMBAI",TODAY,,,
71,We are / SCRAP CARS BUYERS,"VIKHROLI WEST, MUMBAI",TODAY,,,
72,"₹ 3,75,000","2007 - 82,000 km","Honda CR-V 2004-2007 2.4L 4WD, 2007, Petrol","BILEKAHALLI, BENGALURU",JUL 23,
73,"₹ 4,45,000","2016 - 68,000 km","Hyundai Grand i10 2016-2017 Sportz, 2016, Petrol","KOLATHUR RAJESHWARI NAGAR, CHENNAI",AUG 07,
74,"₹ 7,90,000","2018 - 65,000 km","Mahindra Xylo H4, 2018, Diesel","SANATORIUM, CHENNAI",JUL 31,
75,Scrap cars buyers old cars,"NAHUR WEST, MUMBAI",TODAY,,,
76,"₹ 5,40,000","2019 - 27,000 km","Hyundai Grand i10 1.2 Kappa Magna, 2019, Petrol","SG HIGHWAY, AHMEDABAD",TODAY,
77,"₹ 4,35,000","2012 - 70,000 km","Hyundai i20 2012-2014 Sportz 1.2, 2012, Petrol","JAYANAGAR, BENGALURU",TODAY,
78,"₹ 2,60,000",Renault Kwid Car,"AMAR NATH PLOT, RAJKOT",TODAY,,
79,"₹ 4,75,000","2018 - 38,500 km","Hyundai Grand i10 1.2 Kappa Magna, 2018, Petrol","TEEN HATH NAKA, THANE",TODAY,
80,"₹ 9,90,000","2018 - 20,000 km","Ford Ecosport 1.5 Petrol Trend Plus AT, 2018, Petrol","WHITEFIELD, BENGALURU",TODAY,
81,"₹ 2,60,000","2012 - 75,000 km","Hyundai Santro Xing GL, 2012, CNG & Hybrids","INFOCITY, GANDHINAGAR",TODAY,
82,"₹ 55,996",2016 ALTO COMMERCIAL CAR,"MAJHERHAT, HOWRAH",TODAY,,
83,"₹ 5,75,000","2016 - 32,000 km","Honda Jazz 1.2 SV i VTEC, 2016, Petrol","T NAGAR RK PURAM, CHENNAI",TODAY,
84,"₹ 11,00,000","2010 - 170,000 km","Toyota Fortuner 3.0 4x4 Manual, 2010, Diesel","KODAMBAKKAM TRUSTPURAM, CHENNAI",TODAY,
85,"₹ 13,999",Evry USED CAR ONE OR TWO STOCK ALLOY WHEEL AVAIL BMW AUDI MERCEDES ETC,"ALANDI, PUNE",TODAY,,
86,"₹ 21,00,000","2013 - 26,000 km","BMW 5 Series 520d Luxury Line, 2013, Diesel","USMANPURA, AHMEDABAD",TODAY,
87,"₹ 9,900",2nd Hand CARS Used SPARE Parts Avail Headlights Side Mirror Engine Etc,"ANANTHAVARAM, GUNTUR",TODAY,,
88,"₹ 1,09,000","2015 - 25,000 km","Tata Nano, 2015, Petrol","AMBATTUR TMP NAGAR, CHENNAI",TODAY,
89,"₹ 4,60,000","2017 - 35,000 km","Maruti Suzuki Wagon R 1.0 VXi, 2017, Petrol","SHASTRI NAGAR, PUNE",TODAY,
90,"₹ 27,00,000","2014 - 66,713 km","Mercedes-Benz M-Class ML 250 CDI, 2014, Diesel","ADI UDUPI, UDUPI",JUN 30,
91,"₹ 2,45,000","2013 - 52,121 km","Maruti Suzuki Alto 800 LXI, 2013, Petrol","THAMPANOOR, THIRUVANANTHAPURAM",JUL 29,
92,"₹ 22,50,000","2010 - 39,000 km","BMW 7 Series 730Ld, 2010, Diesel","HBR LAYOUT, BENGALURU",YESTERDAY,
93,"₹ 3,90,000","2017 - 117,890 km","Maruti Suzuki Ignis 1.2 Delta, 2017, Petrol","TATIBAND, RAIPUR",TODAY,
94,"₹ 1,25,000","2006 - 88,000 km","Hyundai Elantra 2006-2009 CRDi, 2006, Diesel","CHEMBUR, MUMBAI",TODAY,
95,"₹ 19,36,000","2020 - 21,000 km","Kia Seltos GTX Plus AT D, 2020, Diesel","MLAS COLONY, HYDERABAD",TODAY,
96,"₹ 2,30,000","2014 - 78,000 km","Maruti Suzuki Alto K10 LXI, 2014, Petrol","PRAGATI NAGAR, AHMEDABAD",TODAY,
97,"₹ 6,20,000","2020 - 25,714 km","Maruti Suzuki Swift 2018 VXI, 2020, Petrol","HAIBARGAON, NAGAON",TODAY,
98,"₹ 4,35,000","2012 - 72,150 km","Hyundai Verna CRDi 1.6 SX, 2012, Diesel","DR BHIMRAO AMBEDKAR CHOWK, RAJKOT",TODAY,
99,"₹ 6,00,000","2012 - 125,000 km","Mahindra Bolero ZLX, 2012, Diesel","THINDAL MALAI, ERODE",TODAY,
100,"₹ 5,40,000","2015 - 125,000 km","Volkswagen Polo 1.5 TDI Highline, 2015, Diesel","RANGAMPALAIYAM, ERODE",TODAY,
101,"₹ 5,35,000","2017 - 80,000 km","Honda Jazz 1.5 S i DTEC, 2017, Diesel","VALIYANGADI, PERINTHALMANNA",TODAY,
102,"₹ 4,50,000","2008 - 65,000 km","Toyota Corolla Altis 1.8 VL CVT, 2008, Petrol","RANGAMPALAIYAM, ERODE",TODAY,
103,"₹ 2,50,000","2011.0 - 65,223 km","Maruti Suzuki Alto LXi BS-IV, 2011, Petrol","SAMPATH NAGAR, ERODE",TODAY,
104,"₹ 4,95,800","2017 - 24,500 km",Hyundai Elite i20 2017,"VENGOOR, ANGAMALY",TODAY,
105,"₹ 72,000","2007 - 59,000 km",Chevrolet Aveo U-VA 2007 Petrol 59000 Km Driven,"BILASPUR SADAR, BILASPUR",TODAY,
106,"₹ 6,00,000","2015 - 42,638 km",Mahindra bolero 2015,"GOSAINGANJ, GOSAINGANJ LUCKNOW DISTRICT",TODAY,
107,"₹ 1,80,000","2012 - 61,000 km",Chevrolet Beat 2012 Diesel Well Maintained,"JAMNIPALI, KORBA",TODAY,
108,"₹ 9,75,000","2018 - 30,000 km","Ford Ecosport 1.5 Petrol Titanium Plus AT, 2018, Petrol","ST THOMAS MOUNT RAJESWARI COLONY, CHENNAI",YESTERDAY,
109,"₹ 8,24,000","2016 - 65,834 km","Maruti Suzuki Ertiga, 2016, Diesel","KALYAN EAST, MUMBAI",6 DAYS AGO,
110,"₹ 11,70,000","2018 - 37,000 km","Hyundai Verna Fluidic 1.6 CRDi SX Opt, 2018, Diesel","CHANPORA, SRINAGAR",YESTERDAY,
111,"₹ 2,10,000","2011 - 43,000 km",Diesel highline 2011,"BALLYGUNGE, KOLKATA",TODAY,
112,"₹ 15,00,000","2010 - 124,000 km","Audi Q5 3.0 TDI Quattro, 2010, Diesel","GACHIBOWLI, HYDERABAD",2 DAYS AGO,
113,"₹ 17,00,000","2016.0 - 59,000 km","Toyota INNOVA CRYSTA 2.8 GX CRDi Automatic, 2016, Diesel","GACHIBOWLI, HYDERABAD",2 DAYS AGO,
114,"₹ 2,50,000","2013 - 80,000 km",Maruti Suzuki Omni 2013 Petrol 80000 Km Driven,"JIGANI INDUSTRIAL AREA, BENGALURU",TODAY,
115,"₹ 13,50,000","2012 - 50,000 km","Toyota Fortuner 2011-2016 4x2 Manual, 2012, Diesel","AKOTA, VADODARA",TODAY,
116,"₹ 3,24,000","2012 - 63,000 km","Maruti Suzuki A-Star Vxi (ABS), Automatic, 2012, Petrol","KODAMBAKKAM ZACHARIA COLONY, CHENNAI",2 DAYS AGO,
117,"₹ 9,25,000","2018 - 30,000 km","Honda BR-V i-DTEC S MT, 2018, Petrol","KODAMBAKKAM ZACHARIA COLONY, CHENNAI",TODAY,
118,"₹ 5,00,000","2012 - 62,000 km","Volkswagen Vento 1.5 TDI Highline, 2012, Diesel","THOUSAND LIGHTS WEST, CHENNAI",TODAY,
119,"₹ 7,95,000","2016 - 48,970 km","Maruti Suzuki Ciaz 2014-2017 ZDi SHVS, 2016, Diesel","POWAI, MUMBAI",2 DAYS AGO,
120,Govandi / SCRAP CARS BUYERS _ ALL CARS,"GOVANDI, MUMBAI",TODAY,,,
121,Chembur / SCRAP CARS BUYERS,"CHEMBUR, MUMBAI",TODAY,,,
122,Vikhroli _ SCRAP CARS BUYERS,"VIKHROLI EAST, MUMBAI",TODAY,,,
123,We are / SCRAP CARS BUYERS,"VIKHROLI WEST, MUMBAI",TODAY,,,
124,Scrap cars buyers old cars,"NAHUR WEST, MUMBAI",TODAY,,,
125,"₹ 5,40,000","2019 - 27,000 km","Hyundai Grand i10 1.2 Kappa Magna, 2019, Petrol","SG HIGHWAY, AHMEDABAD",TODAY,
126,"₹ 16,40,000","2020 - 25,000 km","Mahindra Scorpio S9, 2020, Diesel","CHEEMA NAGAR, JALANDHAR",JUN 07,
127,"₹ 3,40,000","2012 - 84,000 km","Toyota Etios 2010-2012 GD, 2012, Diesel","NIJAM NAGAR, JALANDHAR",JUL 29,
128,"₹ 1,16,000","2009 - 82,222 km","Maruti Suzuki A-Star Vxi, 2009, CNG & Hybrids","CBD BELAPUR, NAVI MUMBAI",JUN 27,
129,"₹ 4,35,000","2012 - 70,000 km","Hyundai i20 2012-2014 Sportz 1.2, 2012, Petrol","JAYANAGAR, BENGALURU",TODAY,
130,"₹ 2,95,000","2017 - 32,000 km","Maruti Suzuki Omni 8 Seater BSIV, 2017, Petrol","BOWENPALLY PRITHIVI ENCLAVE, SECUNDERABAD",TODAY,
131,"₹ 2,60,000",Renault Kwid Car,"AMAR NATH PLOT, RAJKOT",TODAY,,
132,"₹ 4,75,000","2018 - 38,500 km","Hyundai Grand i10 1.2 Kappa Magna, 2018, Petrol","TEEN HATH NAKA, THANE",TODAY,
133,"₹ 9,90,000","2018 - 20,000 km","Ford Ecosport 1.5 Petrol Trend Plus AT, 2018, Petrol","WHITEFIELD, BENGALURU",TODAY,
134,"₹ 2,60,000","2012 - 75,000 km","Hyundai Santro Xing GL, 2012, CNG & Hybrids","INFOCITY, GANDHINAGAR",TODAY,
135,"₹ 55,996",2016 ALTO COMMERCIAL CAR,"MAJHERHAT, HOWRAH",TODAY,,
136,"₹ 9,80,000","2020 - 15,000 km","Maruti Suzuki Ertiga VXI, 2020, Petrol","KUKATPALLY, HYDERABAD",TODAY,
137,"₹ 5,75,000","2016 - 32,000 km","Honda Jazz 1.2 SV i VTEC, 2016, Petrol","T NAGAR RK PURAM, CHENNAI",TODAY,
138,"₹ 3,65,000","2009 - 63,000 km","Honda City 2008-2011 1.5 S MT, 2009, Petrol","132 FEET RING ROAD, AHMEDABAD",TODAY,
139,"₹ 11,00,000","2010 - 170,000 km","Toyota Fortuner 3.0 4x4 Manual, 2010, Diesel","KODAMBAKKAM TRUSTPURAM, CHENNAI",TODAY,
140,"₹ 13,999",Evry USED CAR ONE OR TWO STOCK ALLOY WHEEL AVAIL BMW AUDI MERCEDES ETC,"ALANDI, PUNE",TODAY,,
141,"₹ 13,999",All CARS USED STOCK ALLOY WHEEL AVAIL VW SKODA HYUNDAI BMW AUDI N MORE,"AKANKSHA, VADODARA",TODAY,,
142,"₹ 21,00,000","2013 - 26,000 km","BMW 5 Series 520d Luxury Line, 2013, Diesel","USMANPURA, AHMEDABAD",TODAY,
143,"₹ 9,900",2nd Hand CARS Used SPARE Parts Avail Headlights Side Mirror Engine Etc,"ANANTHAVARAM, GUNTUR",TODAY,,
144,"₹ 2,45,000","2009 - 86,000 km","Hyundai i10 Sportz, 2009, Petrol","NARANPURA, AHMEDABAD",3 DAYS AGO,
145,used car &truck Tyre available 90% Button,"MUVATTUPUZHA, MUVATTUPUZHA",6 DAYS AGO,,,
146,"₹ 4,50,000","2018 - 16,000 km","Maruti Suzuki Eeco 5 Seater AC, 2018, Petrol","THILLAI NAGAR, TIRUCHIRAPPALLI",AUG 09,
147,"₹ 3,636",Old CARS SPARE PARTS AVAILABLE BMW AUDI VW SKODA TOYOTA FORD HYUNDAI,"BHOOPALAPATNAM, RAJAHMUNDRY",TODAY,,
148,"₹ 1,09,000","2015 - 25,000 km","Tata Nano, 2015, Petrol","AMBATTUR TMP NAGAR, CHENNAI",TODAY,
149,"₹ 1,99,000","2011 - 77,000 km","Maruti Suzuki Zen Estilo, 2011, Petrol","AMBATTUR TMP NAGAR, CHENNAI",TODAY,
150,"₹ 4,60,000","2017 - 35,000 km","Maruti Suzuki Wagon R 1.0 VXi, 2017, Petrol","SHASTRI NAGAR, PUNE",TODAY,
151,"₹ 4,65,000","2017 - 32,000 km","Maruti Suzuki Wagon R AMT VXI, 2017, Petrol","SWATANTRYA SAINIK NAGAR, PUNE",TODAY,
152,"₹ 3,90,000","2017 - 117,890 km","Maruti Suzuki Ignis 1.2 Delta, 2017, Petrol","TATIBAND, RAIPUR",TODAY,
153,"₹ 1,25,000","2006 - 88,000 km","Hyundai Elantra 2006-2009 CRDi, 2006, Diesel","CHEMBUR, MUMBAI",TODAY,
154,"₹ 8,888",NISSAN MARUTI HYUNDAI BMW N MORE USED SPARE PARTS AVAILABLE OF ALL CAR,"CHETTIPEEDIKA, KANNUR",TODAY,,
155,"₹ 6,51,000","2017 - 63,900 km","Maruti Suzuki Baleno Alpha Diesel, 2017, Diesel","PIPLOD, SURAT",TODAY,
156,"₹ 2,75,000","2011 - 65,000 km","Maruti Suzuki Swift, 2011, Petrol","SWATANTRYA SAINIK NAGAR, PUNE",TODAY,
157,"₹ 19,36,000","2020 - 21,000 km","Kia Seltos GTX Plus AT D, 2020, Diesel","MLAS COLONY, HYDERABAD",TODAY,
158,"₹ 2,30,000","2014 - 78,000 km","Maruti Suzuki Alto K10 LXI, 2014, Petrol","PRAGATI NAGAR, AHMEDABAD",TODAY,
159,"₹ 6,20,000","2020 - 25,714 km","Maruti Suzuki Swift 2018 VXI, 2020, Petrol","HAIBARGAON, NAGAON",TODAY,
160,"₹ 4,35,000","2012 - 72,150 km","Hyundai Verna CRDi 1.6 SX, 2012, Diesel","DR BHIMRAO AMBEDKAR CHOWK, RAJKOT",TODAY,
161,"₹ 6,00,000","2012 - 125,000 km","Mahindra Bolero ZLX, 2012, Diesel","THINDAL MALAI, ERODE",TODAY,
162,"₹ 6,51,101","2018 - 32,523 km","Mahindra Bolero Power Plus SLE, 2018, Diesel","LANSDOWN ROAD, KOLKATA",AUG 09,
163,"₹ 5,50,000","2016 - 46,000 km","Honda Jazz 1.2 V AT i VTEC, 2016, Petrol","NARILA SHANKARI DURGESH VIHAR COLONY, BHOPAL",6 DAYS AGO,
164,"₹ 3,85,000","2013 - 64,890 km","Toyota Etios, 2013, Diesel","SECTOR 37, GURGAON",AUG 01,
165,"₹ 5,40,000","2015 - 125,000 km","Volkswagen Polo 1.5 TDI Highline, 2015, Diesel","RANGAMPALAIYAM, ERODE",TODAY,
166,"₹ 5,35,000","2017 - 80,000 km","Honda Jazz 1.5 S i DTEC, 2017, Diesel","VALIYANGADI, PERINTHALMANNA",TODAY,
167,"₹ 4,50,000","2008 - 65,000 km","Toyota Corolla Altis 1.8 VL CVT, 2008, Petrol","RANGAMPALAIYAM, ERODE",TODAY,
168,"₹ 2,50,000","2011.0 - 65,223 km","Maruti Suzuki Alto LXi BS-IV, 2011, Petrol","SAMPATH NAGAR, ERODE",TODAY,
169,"₹ 4,95,800","2017 - 24,500 km",Hyundai Elite i20 2017,"VENGOOR, ANGAMALY",TODAY,
170,"₹ 6,00,000","2015 - 42,638 km",Mahindra bolero 2015,"GOSAINGANJ, GOSAINGANJ LUCKNOW DISTRICT",TODAY,
171,"₹ 2,10,000","2011 - 43,000 km",Diesel highline 2011,"BALLYGUNGE, KOLKATA",TODAY,
172,"₹ 15,00,000","2010 - 124,000 km","Audi Q5 3.0 TDI Quattro, 2010, Diesel","GACHIBOWLI, HYDERABAD",2 DAYS AGO,
173,"₹ 20,95,000","2016 - 80,500 km","Audi Q3 35 TDI Premium + Sunroof, 2016, Diesel","GACHIBOWLI, HYDERABAD",TODAY,
174,"₹ 17,00,000","2016.0 - 59,000 km","Toyota INNOVA CRYSTA 2.8 GX CRDi Automatic, 2016, Diesel","GACHIBOWLI, HYDERABAD",2 DAYS AGO,
175,"₹ 2,50,000","2013 - 80,000 km",Maruti Suzuki Omni 2013 Petrol 80000 Km Driven,"JIGANI INDUSTRIAL AREA, BENGALURU",TODAY,
176,"₹ 13,50,000","2012 - 50,000 km","Toyota Fortuner 2011-2016 4x2 Manual, 2012, Diesel","AKOTA, VADODARA",TODAY,
177,"₹ 6,75,000","2018 - 52,100 km","Hyundai Elite i20 Sportz 1.4, 2018, Diesel","VENGOOR, ANGAMALY",AUG 07,
178,"₹ 27,00,000","2017 - 51,076 km","Audi Q3 Others, 2017, Diesel","SUTARWADI, PUNE",JUL 02,
179,"₹ 36,75,000","2020 - 3,900 km","Audi A4 30 TFSI PREMIUM+ SUNROOF, 2020, Petrol","JASOLA, DELHI",AUG 06,
180,"₹ 6,25,000","2013 - 46,000 km","Hyundai Fluidic Verna 1.6 CRDi SX Automatic, 2013, Diesel","KODAMBAKKAM ZACHARIA COLONY, CHENNAI",TODAY,
181,"₹ 3,24,000","2012 - 63,000 km","Maruti Suzuki A-Star Vxi (ABS), Automatic, 2012, Petrol","KODAMBAKKAM ZACHARIA COLONY, CHENNAI",2 DAYS AGO,
182,"₹ 9,25,000","2018 - 30,000 km","Honda BR-V i-DTEC S MT, 2018, Petrol","KODAMBAKKAM ZACHARIA COLONY, CHENNAI",TODAY,
183,"₹ 5,00,000","2012 - 62,000 km","Volkswagen Vento 1.5 TDI Highline, 2012, Diesel","THOUSAND LIGHTS WEST, CHENNAI",TODAY,
184,"₹ 2,50,000","2011 - 90,280 km","Maruti Suzuki Alto Vxi 1.1, 2011, Petrol","BAIRAMAL GUDA, HYDERABAD",TODAY,
185,"₹ 7,95,000","2016 - 48,970 km","Maruti Suzuki Ciaz 2014-2017 ZDi SHVS, 2016, Diesel","POWAI, MUMBAI",2 DAYS AGO,
186,"₹ 2,10,000","2020 - 54,532 km",Maruti Suzuki Swift Dzire 2020 Diesel 54532 Km Driven,"HENNUR, BENGALURU",TODAY,
187,"₹ 15,000","2012 - 80,000 km",Car for rent,"NEARALUMOODUJN, KOLLAM",TODAY,
188,"₹ 7,40,000","2014 - 270,000 km",Toyota Innova 2014 Diesel 270000 Km Driven,"REPURU, KAKINADA",TODAY,
189,"₹ 1,65,000","2011 - 87,000 km",Maruti Suzuki Wagon R 1.0 2011,"SHASHRI NAGAR, TONK",TODAY,
190,"₹ 2,00,000","2010 - 175,000 km",Mahindra Xylo 2010,"CIVIL LINE, BALLIA",TODAY,
191,"₹ 5,80,000",2014 - 16 km,Good condison perfect car,"GANDHI NAGAR, DELHI",TODAY,
192,"₹ 2,60,000","2011 - 10,010 km",Volkswagen Polo 2011 Diesel 10010 Km Driven,"KHAMMAM CROSS ROADS, KODAD",TODAY,
193,"₹ 2,50,000","2012 - 55,000 km",Good condision,"SARANGPUR, SAMASTIPUR",TODAY,
194,"₹ 7,50,000","2016 - 85,468 km","Ford Ecosport, 2016, Diesel","JAI BHEEMA NAGAR, BENGALURU",7 DAYS AGO,
195,"₹ 5,35,000","2014 - 48,500 km","Volkswagen Vento 1.2 TSI Highline AT, 2014, Petrol","NASHIK ROAD, NASHIK",MAY 30,
196,"₹ 49,75,000","2016 - 30,000 km","Mercedes-Benz GL-Class 350 CDI, 2016, Diesel","BANASWADI KASTURI NAGAR, BENGALURU",JAN 31,
197,"₹ 1,50,000","2010 - 57,189 km",Hyundai Santro Xing 2010 Petrol Well Maintained,"PASCHIM CHAK CHAKA, DAKHIN RAMPUR",TODAY,
198,"₹ 2,10,000","2011 - 52,000 km",Mahindra Xylo 2011 Diesel Well Maintained,"AIGINIA KHANDGIRI, BHUBANESHWAR",TODAY,
199,"₹ 7,99,999","2013 - 120,000 km",Mitsubishi Pajero Sport 2013,"SECTOR 6, CUTTACK",TODAY,
200,"₹ 2,50,000","2014 - 55,711 km","Hyundai EON Magna +, 2014, LPG","TIRUMALA COLONY, HYDERABAD",AUG 06,
201,"₹ 55,996",2016 ALTO COMMERCIAL CAR,"MAJHERHAT, HOWRAH",TODAY,,
202,"₹ 9,80,000","2020 - 15,000 km","Maruti Suzuki Ertiga VXI, 2020, Petrol","KUKATPALLY, HYDERABAD",TODAY,
203,"₹ 5,75,000","2016 - 32,000 km","Honda Jazz 1.2 SV i VTEC, 2016, Petrol","T NAGAR RK PURAM, CHENNAI",TODAY,
204,"₹ 3,65,000","2009 - 63,000 km","Honda City 2008-2011 1.5 S MT, 2009, Petrol","132 FEET RING ROAD, AHMEDABAD",TODAY,
205,"₹ 11,00,000","2010 - 170,000 km","Toyota Fortuner 3.0 4x4 Manual, 2010, Diesel","KODAMBAKKAM TRUSTPURAM, CHENNAI",TODAY,
206,"₹ 13,999",Evry USED CAR ONE OR TWO STOCK ALLOY WHEEL AVAIL BMW AUDI MERCEDES ETC,"ALANDI, PUNE",TODAY,,
207,"₹ 13,999",All CARS USED STOCK ALLOY WHEEL AVAIL VW SKODA HYUNDAI BMW AUDI N MORE,"AKANKSHA, VADODARA",TODAY,,
208,"₹ 21,00,000","2013 - 26,000 km","BMW 5 Series 520d Luxury Line, 2013, Diesel","USMANPURA, AHMEDABAD",TODAY,
209,"₹ 9,900",2nd Hand CARS Used SPARE Parts Avail Headlights Side Mirror Engine Etc,"ANANTHAVARAM, GUNTUR",TODAY,,
210,"₹ 3,636",Old CARS SPARE PARTS AVAILABLE BMW AUDI VW SKODA TOYOTA FORD HYUNDAI,"BHOOPALAPATNAM, RAJAHMUNDRY",TODAY,,
211,"₹ 1,09,000","2015 - 25,000 km","Tata Nano, 2015, Petrol","AMBATTUR TMP NAGAR, CHENNAI",TODAY,
212,"₹ 1,99,000","2011 - 77,000 km","Maruti Suzuki Zen Estilo, 2011, Petrol","AMBATTUR TMP NAGAR, CHENNAI",TODAY,
213,"₹ 4,60,000","2017 - 35,000 km","Maruti Suzuki Wagon R 1.0 VXi, 2017, Petrol","SHASTRI NAGAR, PUNE",TODAY,
214,"₹ 4,65,000","2017 - 32,000 km","Maruti Suzuki Wagon R AMT VXI, 2017, Petrol","SWATANTRYA SAINIK NAGAR, PUNE",TODAY,
215,"₹ 3,90,000","2017 - 117,890 km","Maruti Suzuki Ignis 1.2 Delta, 2017, Petrol","TATIBAND, RAIPUR",TODAY,
216,"₹ 5,90,000","2017 - 37,056 km","Maruti Suzuki Ignis 1.2 AMT Zeta, 2017, Petrol","JP NAGAR, BENGALURU",AUG 06,
217,"₹ 4,75,000","2015 - 29,300 km","Maruti Suzuki Swift VXI, 2015, Petrol","BORIVALI WEST, MUMBAI",JUL 06,
218,"₹ 6,30,000","2013 - 77,514 km","Hyundai Elantra, 2013, Petrol","BANER ROAD, PUNE",3 DAYS AGO,
219,"₹ 1,25,000","2006 - 88,000 km","Hyundai Elantra 2006-2009 CRDi, 2006, Diesel","CHEMBUR, MUMBAI",TODAY,
220,"₹ 8,888",NISSAN MARUTI HYUNDAI BMW N MORE USED SPARE PARTS AVAILABLE OF ALL CAR,"CHETTIPEEDIKA, KANNUR",TODAY,,
221,"₹ 6,51,000","2017 - 63,900 km","Maruti Suzuki Baleno Alpha Diesel, 2017, Diesel","PIPLOD, SURAT",TODAY,
222,"₹ 2,75,000","2011 - 65,000 km","Maruti Suzuki Swift, 2011, Petrol","SWATANTRYA SAINIK NAGAR, PUNE",TODAY,
223,"₹ 19,36,000","2020 - 21,000 km","Kia Seltos GTX Plus AT D, 2020, Diesel","MLAS COLONY, HYDERABAD",TODAY,
224,"₹ 2,30,000","2014 - 78,000 km","Maruti Suzuki Alto K10 LXI, 2014, Petrol","PRAGATI NAGAR, AHMEDABAD",TODAY,
225,"₹ 6,20,000","2020 - 25,714 km","Maruti Suzuki Swift 2018 VXI, 2020, Petrol","HAIBARGAON, NAGAON",TODAY,
226,"₹ 4,35,000","2012 - 72,150 km","Hyundai Verna CRDi 1.6 SX, 2012, Diesel","DR BHIMRAO AMBEDKAR CHOWK, RAJKOT",TODAY,
227,"₹ 6,00,000","2012 - 125,000 km","Mahindra Bolero ZLX, 2012, Diesel","THINDAL MALAI, ERODE",TODAY,
228,"₹ 5,40,000","2015 - 125,000 km","Volkswagen Polo 1.5 TDI Highline, 2015, Diesel","RANGAMPALAIYAM, ERODE",TODAY,
229,"₹ 5,35,000","2017 - 80,000 km","Honda Jazz 1.5 S i DTEC, 2017, Diesel","VALIYANGADI, PERINTHALMANNA",TODAY,
230,"₹ 4,50,000","2008 - 65,000 km","Toyota Corolla Altis 1.8 VL CVT, 2008, Petrol","RANGAMPALAIYAM, ERODE",TODAY,
231,"₹ 2,50,000","2011.0 - 65,223 km","Maruti Suzuki Alto LXi BS-IV, 2011, Petrol","SAMPATH NAGAR, ERODE",TODAY,
232,"₹ 3,50,000","2017 - 345,000 km",Maruti Suzuki Swift Dzire Tour 2017 Diesel Good Condition,"MOODABIDRI, MOODABIDRI",TODAY,
233,"₹ 4,95,800","2017 - 24,500 km",Hyundai Elite i20 2017,"VENGOOR, ANGAMALY",TODAY,
234,"₹ 2,55,000","2011 - 70,000 km","Maruti Suzuki Eeco 7 Seater Standard, 2011, Petrol","SARDAR PATEL ROAD PAIGHA COLONY, SECUNDERABAD",AUG 07,
235,"₹ 6,50,000","2012 - 106,476 km","Toyota Innova 2.5 G (Diesel) 7 Seater, 2012, Diesel","NIJAM NAGAR, JALANDHAR",3 DAYS AGO,
236,"₹ 5,85,000","2017 - 52,000 km","Maruti Suzuki Baleno 1.2 Delta, 2017, Petrol","PASCHIM VIHAR, DELHI",JUN 26,
237,"₹ 72,000","2007 - 59,000 km",Chevrolet Aveo U-VA 2007 Petrol 59000 Km Driven,"BILASPUR SADAR, BILASPUR",TODAY,
238,"₹ 6,00,000","2015 - 42,638 km",Mahindra bolero 2015,"GOSAINGANJ, GOSAINGANJ LUCKNOW DISTRICT",TODAY,
239,"₹ 1,80,000","2012 - 61,000 km",Chevrolet Beat 2012 Diesel Well Maintained,"JAMNIPALI, KORBA",TODAY,
240,"₹ 2,10,000","2011 - 43,000 km",Diesel highline 2011,"BALLYGUNGE, KOLKATA",TODAY,
241,"₹ 15,00,000","2010 - 124,000 km","Audi Q5 3.0 TDI Quattro, 2010, Diesel","GACHIBOWLI, HYDERABAD",2 DAYS AGO,
242,"₹ 20,95,000","2016 - 80,500 km","Audi Q3 35 TDI Premium + Sunroof, 2016, Diesel","GACHIBOWLI, HYDERABAD",TODAY,
243,"₹ 17,00,000","2016.0 - 59,000 km","Toyota INNOVA CRYSTA 2.8 GX CRDi Automatic, 2016, Diesel","GACHIBOWLI, HYDERABAD",2 DAYS AGO,
244,"₹ 2,50,000","2013 - 80,000 km",Maruti Suzuki Omni 2013 Petrol 80000 Km Driven,"JIGANI INDUSTRIAL AREA, BENGALURU",TODAY,
245,"₹ 13,50,000","2012 - 50,000 km","Toyota Fortuner 2011-2016 4x2 Manual, 2012, Diesel","AKOTA, VADODARA",TODAY,
246,"₹ 6,25,000","2013 - 46,000 km","Hyundai Fluidic Verna 1.6 CRDi SX Automatic, 2013, Diesel","KODAMBAKKAM ZACHARIA COLONY, CHENNAI",TODAY,
247,"₹ 3,24,000","2012 - 63,000 km","Maruti Suzuki A-Star Vxi (ABS), Automatic, 2012, Petrol","KODAMBAKKAM ZACHARIA COLONY, CHENNAI",2 DAYS AGO,
248,"₹ 9,25,000","2018 - 30,000 km","Honda BR-V i-DTEC S MT, 2018, Petrol","KODAMBAKKAM ZACHARIA COLONY, CHENNAI",TODAY,
249,"₹ 5,00,000","2012 - 62,000 km","Volkswagen Vento 1.5 TDI Highline, 2012, Diesel","THOUSAND LIGHTS WEST, CHENNAI",TODAY,
250,"₹ 2,50,000","2011 - 90,280 km","Maruti Suzuki Alto Vxi 1.1, 2011, Petrol","BAIRAMAL GUDA, HYDERABAD",TODAY,
251,"₹ 7,95,000","2016 - 48,970 km","Maruti Suzuki Ciaz 2014-2017 ZDi SHVS, 2016, Diesel","POWAI, MUMBAI",2 DAYS AGO,
252,"₹ 3,75,000","2011 - 140,000 km","Skoda Laura Ambition 2.0 TDI CR MT, 2011, Diesel","ZAVER NAGAR, VADODARA",6 DAYS AGO,
253,"₹ 3,93,800","2014 - 53,084 km","Hyundai i20 Sportz 1.2 BS-IV, 2014, Petrol","KANJURMARG EAST, MUMBAI",FEB 01,
254,"₹ 3,60,000","2014 - 68,000 km","Maruti Suzuki SX4 VDI, 2014, Diesel","ROHINI, DELHI",JUL 24,
255,"₹ 2,10,000","2020 - 54,532 km",Maruti Suzuki Swift Dzire 2020 Diesel 54532 Km Driven,"HENNUR, BENGALURU",TODAY,
256,"₹ 15,000","2012 - 80,000 km",Car for rent,"NEARALUMOODUJN, KOLLAM",TODAY,
257,"₹ 7,40,000","2014 - 270,000 km",Toyota Innova 2014 Diesel 270000 Km Driven,"REPURU, KAKINADA",TODAY,
258,"₹ 1,65,000","2011 - 87,000 km",Maruti Suzuki Wagon R 1.0 2011,"SHASHRI NAGAR, TONK",TODAY,
259,"₹ 2,00,000","2010 - 175,000 km",Mahindra Xylo 2010,"CIVIL LINE, BALLIA",TODAY,
260,"₹ 5,80,000",2014 - 16 km,Good condison perfect car,"GANDHI NAGAR, DELHI",TODAY,
261,"₹ 2,60,000","2011 - 10,010 km",Volkswagen Polo 2011 Diesel 10010 Km Driven,"KHAMMAM CROSS ROADS, KODAD",TODAY,
262,"₹ 2,50,000","2012 - 55,000 km",Good condision,"SARANGPUR, SAMASTIPUR",TODAY,
263,"₹ 1,50,000","2010 - 57,189 km",Hyundai Santro Xing 2010 Petrol Well Maintained,"PASCHIM CHAK CHAKA, DAKHIN RAMPUR",TODAY,
264,"₹ 2,10,000","2011 - 52,000 km",Mahindra Xylo 2011 Diesel Well Maintained,"AIGINIA KHANDGIRI, BHUBANESHWAR",TODAY,
265,"₹ 7,99,999","2013 - 120,000 km",Mitsubishi Pajero Sport 2013,"SECTOR 6, CUTTACK",TODAY,
266,"₹ 45,000","2014 - 40,000 km",Omni Car Model 2014,"PRAGATHI NAGAR, BENGALURU",TODAY,
267,"₹ 90,000","2006 - 90,000 km",Hyundai Santro Xing 2006 Petrol 90000 Km,"VIDHYAKUNJ SOCIETY, MODASA",TODAY,
268,"₹ 1,55,000","2012 - 79,000 km",Ford Figo 2012 Diesel Good Condition,"SHEKAR GAH HOKARSIR, SRINAGAR",TODAY,
269,"₹ 4,50,000","2014 - 86,000 km","Tata Zest Quadrajet 1.3 75PS XMS, 2014, Diesel","GUNADALA, VIJAYAWADA",JUL 06,
270,"₹ 5,25,000","2013 - 115,000 km","Ford Ecosport 1.5 Diesel Titanium, 2013, Diesel","PUTHANATHANI, MALAPPURAM",MAR 14,
271,"₹ 5,85,000","2016 - 48,312 km","Mahindra Bolero ZLX, 2016, Diesel","AKASH GANGA COLONY, BAREILLY",AUG 07,
272,"₹ 5,65,000","2017 - 71,000 km","Volkswagen Ameo 1.5 TDI Highline Plus 16 AT, 2017, Diesel","NANA VARACHHA, SURAT",TODAY,
273,"₹ 3,40,000","2011 - 212,000 km",VOLKSWAGEN POLO 1.6L PETROL LIMITED EDITION,"KAKKANAD, KOCHI",TODAY,
274,"₹ 7,85,000","2020 - 5,500 km",Maruti Suzuki Baleno 2020 Petrol 5500 Km Driven,"HOSAYALLAPUR, DHARWAD",TODAY,
275,"₹ 6,10,000","2018 - 39,903 km",Tata Zest 2018 Diesel Well Maintained,"CHANO NO 2, HAZARIBAGH",TODAY,
276,"₹ 3,40,000","2018 - 50,000 km","Renault KWID 1.0 RXT Optional, 2018, Petrol","NANA VARACHHA, SURAT",TODAY,
277,"₹ 1,75,000","2009 - 50,000 km",Maruti Suzuki Omni 2009 Petrol & Lpg,"THAYAAR NAGAR, KARAIKAL",TODAY,
278,"₹ 72,000","2004 - 136,403 km",Hyundai Santro 2004 Petrol Good Condition,"IDUKKITOWNSHIP, IDUKKI TOWNSHIP",TODAY,
279,"₹ 1,85,000","2008 - 61,004 km","Hyundai i10 1.1L iRDE ERA Special Edition, 2008, Petrol","MADURDAHA, KOLKATA",TODAY,
280,"₹ 5,15,000","2014 - 72,000 km","Maruti Suzuki Ertiga 2012-2015 VDI Limited Edition, 2014, Diesel","NANA VARACHHA, SURAT",TODAY,
281,"₹ 2,10,000","2016 - 65,000 km",Rent for Wheeler,"YAJUR VEDA, KOLLUR",TODAY,
282,"₹ 5,50,000","2015 - 85,000 km",Maruti Suzuki Swift 2015 Diesel 85000 Km Driven,"MILLIKARJUN NAGAR, SAKLESHPUR",TODAY,
283,"₹ 6,00,000","2012 - 78,000 km","Toyota Innova 2.5 VX 8 STR, 2012, Diesel","NANA VARACHHA, SURAT",TODAY,
284,"₹ 6,00,000","2013 - 113,542 km",Mahindra XUV500 2013 Diesel 113542 Km Driven,"SECTOR 18B, CHANDIGARH",TODAY,
285,Ammulu Car Driving School,"PATAMATA CENTRE, VIJAYAWADA",TODAY,,,
286,"₹ 2,25,000","2010 - 55,000 km",Maruti Suzuki Alto 2010 Petrol 55000 Km Drivenj,"SATE BANK COLONY, UDUMALAIPETTAI",TODAY,
287,"₹ 2,85,000","2008 - 82,000 km","Hyundai i10 Asta Sunroof AT, 2008, Petrol","ALAGU NAGAR, NAMAKKAL",JUL 29,
288,"₹ 3,50,000","2019 - 17,590 km","Maruti Suzuki Alto 800 LXI, 2019, Petrol","NERKUNDRAM, CHENNAI",7 DAYS AGO,
289,"₹ 1,95,000","2010 - 67,000 km","Maruti Suzuki Swift VXI, 2010, Petrol","CHOWK, LUCKNOW",AUG 02,
290,"₹ 5,00,000","2013 - 420,000 km",Sar contact number do not have,"LODHI BHOLANA, HUSSAINPUR",TODAY,
291,"₹ 5,50,000","2016 - 60,000 km","Maruti Suzuki Baleno 1.2 Delta, 2016, Diesel","KRISHNA TOWNSHIP, SURAT",TODAY,
292,"₹ 4,50,000","2014 - 80,000 km",Maruti Suzuki Swift 2014 Diesel 80000 Km Driven,"GURU CHARAN NAGAR, LUDHIANA",TODAY,
293,"₹ 2,10,000","2010 - 58,000 km",Hyundai i10 2010,"DAWOOD KAMAAL NAGAR, CHOLAPURAM",TODAY,
294,"₹ 3,90,000","2015 - 72,000 km","Volkswagen Vento 1.5 TDI Highline Plus 16 Alloy, 2015, Diesel","NANA VARACHHA, SURAT",TODAY,
295,"₹ 2,10,000","2014 - 55,000 km",Hyundai EON 2014 Petrol 55000 Km Driven,"BHEBARGHAT, MANGALDOI",TODAY,
296,"₹ 46,999","2010 - 75,000 km",Hyundai. Santro. 2010 Petrol. Well. Maintained,"RAJU NAGAR, RAJAMPET",TODAY,
297,"₹ 2,30,000","2010 - 41,000 km",Hyundai i10 2010 Petrol 41000 Km Driven,"DHANDARI KALAN VILLAGE, LUDHIANA",TODAY,
298,"₹ 48,000","2011 - 630,376 km",Bajaj RE60 2011 Diesel Well Maintained,"SHIKARKANA GADDA, MAHABUBABAD",TODAY,
299,"₹ 2,65,000","2017 - 86,000 km",Only indrested person call,"NELLIYALAM, TAMIL NADU",TODAY,
300,"₹ 1,55,000","2009 - 119,000 km",Maruti Suzuki Alto 2009 Petrol Good Condition,"SECTOR 2, PARWANOO",TODAY,
301,"₹ 7,00,000","2017 - 62,000 km","Renault Duster RXZ, 2017, Diesel","NANA VARACHHA, SURAT",TODAY,
302,"₹ 5,90,000","2014 - 30,000 km",Good condition,"BRANTAL, TRAL",TODAY,
303,"₹ 3,90,000","2015 - 63,000 km","Volkswagen Polo 1.2 MPI Comfortline, 2015, Diesel","NANA VARACHHA, SURAT",TODAY,
304,"₹ 2,42,000","2010 - 110,630 km",Tata manza quadrajet,"PUDUKUPPAM, CUDDALORE",TODAY,
305,"₹ 1,55,000","2009 - 76,526 km","Skoda Octavia 2000-2010 Ambiente 1.9 TDI, 2009, Diesel","MODEL TOWN, AMBALA",AUG 05,
306,"₹ 3,25,000","2013 - 71,000 km","Maruti Suzuki Swift VDI, 2013, Diesel","NARANPURA, AHMEDABAD",TODAY,
307,"₹ 6,20,000","2012 - 95,000 km",Excellent condition Xuv500 W8,"MODEL TOWN, LUDHIANA",YESTERDAY,
308,"₹ 5,75,000","2017 - 51,000 km","Honda Amaze SX i DTEC, 2017, Diesel","KRISHNA TOWNSHIP, SURAT",TODAY,
309,"₹ 5,50,000","2020 - 42,000 km",Maruti Suzuki Swift Dzire Tour 2020,"RANDHEJA CHOKDI, GANDHINAGAR",TODAY,
310,"₹ 2,00,000","2013 - 93,000 km",HUNDAI EON DLite,"ISMAILGANJ, LUCKNOW",TODAY,
311,"₹ 3,40,000","2012 - 68,000 km","Skoda Rapid 1.5 TDI CR Elegance Plus, 2012, Diesel","NANA VARACHHA, SURAT",TODAY,
312,"₹ 2,70,000","2012 - 114,000 km",Honda Brio 2012,"ATHARNALA, PURI",TODAY,
313,"₹ 3,30,000","2011 - 76,000 km",Maruti Suzuki Swift Diesel Good Condition,"WARD NO 8, BHAGTA BHAI KA",TODAY,
314,"₹ 1,99,000","2010 - 65,000 km","Maruti Suzuki Wagon R VXI, 2010, Petrol","NANA VARACHHA, SURAT",TODAY,
315,"₹ 3,45,000","2016 - 165,000 km",Maruti Suzuki Swift Dzire Tour 2016 Diesel Good Condition,"MOODABIDRI, MOODABIDRI",TODAY,
316,"₹ 2,99,000","2016 - 51,000 km",Maruti Suzuki Wagon R 2016 CNG & Hybrids Well Maintained,"BUDHPUR BIJAPUR, DELHI",TODAY,
317,"₹ 3,85,000","2012 - 52,000 km",Chevrolet Cruze 2012 Diesel Well Maintained,"SHRI RAM COLONY, NASHIK",TODAY,
318,"₹ 4,75,000","2014 - 66,000 km","Skoda Rapid 1.5 TDI Active, 2014, Diesel","NANA VARACHHA, SURAT",TODAY,
319,"₹ 63,000","1998 - 31,470 km",Maruti Suzuki 800 1998 Petrol 31470 Km Driven,"MALIKARJUN NAGAR, VIJAYAPURA",TODAY,
320,"₹ 70,000","2007 - 60,000 km",Chevrolet Spark 2007 ac working center lock price 70000,"DASHMESH COLONY, MORINDA",TODAY,
321,"₹ 3,50,000","2012 - 66,000 km","Volkswagen Vento 1.6 Highline, 2012, Diesel","NANA VARACHHA, SURAT",TODAY,
322,"₹ 2,45,000","2010 - 103,000 km","Hyundai Verna 2010-2011 Transform VGT CRDi, 2010, Diesel","PUDUKOTTAI, PUDUKKOTTAI",TODAY,
323,"₹ 3,89,000","2015 - 50,200 km","Hyundai Grand I 10, 2015, Petrol","WAKAD, PUNE",AUG 02,
324,"₹ 4,10,000","2014 - 55,000 km","Hyundai Grand i10 2013-2016 Asta, 2014, Petrol","CHEMBUR, MUMBAI",FEB 23,
325,"₹ 3,86,400","2013 - 94,033 km","Honda Amaze 2013-2016 S i-Dtech, 2013, Diesel","BORIVALI WEST, MUMBAI",MAY 24,
326,"₹ 3,50,000","2013 - 53,313 km",Maruti Suzuki A-Star 2013 fully automatic Petrol Good Condition,"MULLAI NAGAR, CHENNAI",TODAY,
327,"₹ 6,50,000","2013 - 75,000 km","Volkswagen Jetta 2.0L TDI Highline AT, 2013, Diesel","NANA VARACHHA, SURAT",TODAY,
328,"₹ 2,35,000","2006 - 170,000 km",Condition 1 nombar h Gaddi dekh kr agr pasand aye to baat krna,"AUDAPUR, KANTH SHAHJAHANPUR DISTRICT",TODAY,
329,"₹ 2,00,000","2009 - 68,000 km","Maruti Suzuki Wagon R VXI Opt, 2009, CNG & Hybrids","NANA VARACHHA, SURAT",TODAY,
330,"₹ 1,28,000","2005 - 99,800 km",Hyundai Santro Xing 2005 Petrol Well Maintained,"KILAKADAYAM, KADAYAM",TODAY,
331,"₹ 1,22,000","2004 - 115,000 km",Hyundai Accent 2004 Petrol 115000 Km Driven,"GANNA, PHILLAUR",TODAY,
332,"₹ 4,50,000","2011 - 55,000 km","Honda City 2011-2013 V MT, 2011, CNG & Hybrids","NANA VARACHHA, SURAT",TODAY,
333,"₹ 56,000","2003 - 80,000 km",Maruti Suzuki 800 2003 Petrol 80000 Km Drive,"KALYANADU, PUNALUR",TODAY,
334,"₹ 5,50,000","2017 - 65,000 km","Maruti Suzuki Ciaz 2014-2017 VDi Plus SHVS, 2017, Diesel","NANA VARACHHA, SURAT",TODAY,
335,"₹ 11,111",All scrap car buyers,"SHIVALIK ENCLAVE, CHANDIGARH",TODAY,,
336,"₹ 3,10,000",2012 - 0 km,Maruti Suzuki Swift 2012 Diesel Good Condition,"SHIVAJI NAGAR, NILANGA",TODAY,
337,"₹ 3,45,000","2013 - 38,000 km",Volkswagen Polo 2013 Diesel Well Maintained car for sale.,"MOGHALPURA, HYDERABAD",TODAY,
338,"₹ 2,50,000","2011 - 140,000 km",Mahindra Xylo 2011 Diesel Well Maintained,"NERUL, NAVI MUMBAI",TODAY,
339,"₹ 5,55,000","2015 - 69,000 km","Skoda Rapid 1.5 TDI Active, 2015, Diesel","NANA VARACHHA, SURAT",TODAY,
340,"₹ 5,55,000","2015 - 69,000 km","Skoda Rapid 1.5 TDI Active, 2015, Diesel","NANA VARACHHA, SURAT",TODAY,
341,"₹ 2,77,000","2013 - 78,500 km","Toyota Etios Liva 2013-2014 GD, 2013, Diesel","DILSHAD GARDEN, DELHI",TODAY,
342,"₹ 5,25,000","2015 - 35,000 km","Hyundai Xcent 2014-2016 1.2 Kappa AT SX Option, 2015, Petrol","VILE PARLE EAST, MUMBAI",AUG 10,
343,"₹ 4,85,000","2017 - 40,952 km","Hyundai Grand i10 Others, 2017, Petrol","BANDRA KURLA COMPLEX, MUMBAI",AUG 05,
344,"₹ 9,85,000","2017 - 51,000 km","Hyundai Creta 1.6 SX, 2017, Diesel","NARANPURA, AHMEDABAD",JUL 22,
345,"₹ 2,75,000","2017 - 29,490 km",Maruti Suzuki Omni 2017 Petrol 29490 Km Driven,"MAVELIKARA, MAVELIKKARA",TODAY,
346,"₹ 1,10,000","2014 - 51,900 km",Maruti Suzuki Omni 2014 Petrol Good Condition,"BAJARIA GULAB NAGAR, BAREILLY",TODAY,
347,"₹ 26,500",Onida car AC,"SARKHEJ VILLAGE, AHMEDABAD",TODAY,,
348,"₹ 2,50,000","2016 - 180,000 km",Ford Figo Aspire 2016,"SHOBHA BAZAR EAST, KOLKATA",TODAY,
349,"₹ 7,80,000","2018 - 75,002 km",Maruti Suzuki Ertiga 2018 Diesel 75002 Km Driven,"MADHOGARH, UTTAR PRADESH",TODAY,
350,"₹ 2,25,000","2015 - 54,000 km",Hyundai EON 2015 Petrol 54000 Km Driven,"MATTANNUR, KERALA",TODAY,
351,"₹ 4,15,000","2018 - 47,184 km",Well mentained commercial vehicle with all facilities.,"HANUMAN NAGAR, PATNA",TODAY,
352,"₹ 1,15,000","2020 - 36,000 km",Tata ace gold new condition for sell,"MUNDETH, SHAMLI",TODAY,
353,"₹ 8,15,000",2020 - 980 km,Hyundai Venue 2020 Petrol 980 Km Driven,"GOMTI NAGAR, LUCKNOW",TODAY,
354,"₹ 1,20,000","2009 - 70,000 km",Power window power staring remote control center lock,"CHITRANSH NAGAR, BUDAUN",TODAY,
355,"₹ 49,000","2004 - 62,000 km",Maruti 800 new condition less driven,"JINDRAN KALAN, KALANAUR",TODAY,
356,"₹ 5,25,000","2013 - 89,000 km","Mahindra XUV500 W8 4WD, 2013, Diesel","SECTOR 13, KARNAL",TODAY,
357,"₹ 29,00,000","2019 - 54,000 km","Audi Q3 2.0 TDI Quattro Premium Plus, 2019, Diesel","HISAR RURAL 146, HISAR",TODAY,
358,"₹ 3,24,000","2014 - 17,999 km","Hyundai i10 Era, 2014, Petrol","DILSHAD GARDEN, DELHI",TODAY,
359,"₹ 1,90,000",2011 - 22 km,83000 किलोमीटर,"SADAR BAZAR AREA, INDORE",TODAY,
360,"₹ 7,00,000","2017 - 20,000 km","Ford Ecosport 1.5 TDCi Titanium Plus, 2017, Diesel","GARIAHAT, KOLKATA",6 DAYS AGO,
361,"₹ 6,18,000","2017 - 103,853 km","Maruti Suzuki Ciaz 2014-2017 VXi Option, 2017, Petrol","ROHINI SECTOR 10, DELHI",JUN 14,
362,"₹ 2,40,000","2010 - 61,000 km","Ford Figo 2010-2012 Petrol EXI, 2010, Petrol","NARANPURA, AHMEDABAD",JUL 15,
363,"₹ 3,60,000","2014 - 140,000 km",Honda Amaze 2014,"PANDARI, SITARGANJ",TODAY,
364,"₹ 15,000",2012 - 1 km,"Traveller, Ertiga, Fortuner,Honda Amaze Swift for marriage function","PANDALAM, PATHANAMTHITTA",TODAY,
365,"₹ 2,55,000","2011 - 83,000 km",Hyundai Verna 2011 Diesel Well Maintained,"EKTA CHOWK, BHABUA",TODAY,
366,"₹ 3,75,000","2009 - 15,342 km",Good condition,"BASAPUR, MUNDARGI",TODAY,
367,"₹ 5,15,000","2017 - 62,652 km",Maruti Suzuki Swift 2017 Diesel 62652 Km Driven,"CHOLAKKAL, MANJERI",TODAY,
368,"₹ 8,00,000","2017 - 85,762 km",Force Motors Force One 2017 Diesel 85762 Km Driven,"IMT ROHTAK, ROHTAK",TODAY,
369,"₹ 45,000","1999 - 70,000 km",Maruti Suzuki Omni 1999 Petrol 70000 Km Driven,"ALLAUDDIN BASTHI, HYDERABAD",TODAY,
370,"₹ 5,70,000","2015 - 19,200 km",Maruti Suzuki Swift Dzire 2015 Petrol 19200 Km Driven,"HOOTAGALLI INDUSTRIAL AREA, MYSURU",TODAY,
371,"₹ 5,10,000","2016 - 81,356 km",Maruti Suzuki Ertiga 2016 Diesel 81356 Km Driven,"BRAHMPURI, KODINAR",TODAY,
372,"₹ 1,800",Car Vaccum cleaner,"KAMLA COLONY, ROHTAK",TODAY,,
373,"₹ 1,20,000","2007 - 65,000 km",Maruti Suzuki Wagon R 2007 CNG & Hybrids Well Maintained,"NEHIANWALA, GONIANA",TODAY,
374,"₹ 5,000",Kids car for Sale,"DODDANEKUNDI, BENGALURU",TODAY,,
375,"₹ 35,000","2009 - 80,000 km",फिएस्टा गियरबॉक्स 2009 डीजल,"BAZAR PARA, KONDAGAON",TODAY,
376,"₹ 4,30,000","2015 - 90,000 km",Maruti Suzuki Swift Dzire 2015 Petrol Good Condition,"TELENGA PENTHA, CUTTACK",TODAY,
377,"₹ 45,000","2001 - 110,000 km",Maruti Suzuki 800 2001 Petrol Well Maintained,"MADHAVPARK SOCIETY, MODASA",TODAY,
378,"₹ 4,24,000","2013 - 71,354 km","Hyundai Verna VTVT 1.6 SX, 2013, Diesel","KANJURMARG EAST, MUMBAI",AUG 05,
379,"₹ 28,99,000","2019 - 25,000 km","Audi A3 35 TDI Premium + Sunroof, 2019, Diesel","NEW CHANDIGARH, CHANDIGARH",7 DAYS AGO,
380,"₹ 3,70,000","2011 - 58,000 km","Maruti Suzuki Swift 2011-2014 LXI, 2011, Diesel","RTC COLONY, HYDERABAD",AUG 09,
381,Car Washer,"KONDHWA KHURD, PUNE",TODAY,,,
382,"₹ 3,50,000","2012 - 100,000 km",Swift dzire in good condition,"AZAD GANJ, BARAMULA",TODAY,
383,"₹ 1,65,000","2008 - 95,000 km",Verna 2008 godd condition,"DEHRA, LADWA",TODAY,
384,"₹ 7,86,000","2018 - 37,755 km","Hyundai Elite i20 Asta Automatic 2018, MH12, Showroom condition","KALYANI NAGAR, PUNE",TODAY,
385,"₹ 99,999","2008 - 49,000 km","Tata Indica V2 eXeta GLS, 2008, Petrol","TIRUPPUR, TAMIL NADU",TODAY,
386,"₹ 8,90,000","2018 - 40,000 km",2018 Ford ecosport Titanium plus,"KILPAUK, CHENNAI",TODAY,
387,"₹ 4,30,000","2013 - 82,000 km",Swift Dzire Diesel,"MODEL GRAM, LUDHIANA",TODAY,
388,"₹ 2,30,000","2012 - 95,000 km",Nissan Micra 2012 Diesel Good Condition,"VERKA, AMRITSAR",TODAY,
389,"₹ 1,30,000","2005 - 100,000 km",Tata Indigo Marina 2005 Diesel 100000 Km Driven,"NEW PRABHAT COLONY, AMRAVATI",TODAY,
390,"₹ 4,00,000","2014 - 80,000 km",Ford Ecosport 2014 Diesel Good Condition,"DHANA 128, HANSI",TODAY,
391,"₹ 59,000","2003 - 129,077 km",Family used car,"MALAPPURAM UP HILL, MALAPPURAM",TODAY,
392,"₹ 2,45,000","2012 - 65,000 km","Ford Figo 2010-2012 Petrol ZXI, 2012, Petrol","PANJAGUTTA, HYDERABAD",TODAY,
393,"₹ 4,26,000","2016 - 38,900 km","Hyundai Grand i10 2013-2016 Magna, 2016, Petrol","DILSHAD GARDEN, DELHI",TODAY,
394,"₹ 1,50,000","2012 - 115,000 km",Mahindra verito 2012 D4 family car 20plus average in city...,"SECTOR 65, MOHALI",TODAY,
395,"₹ 4,80,000","2008 - 155,845 km",Chevrolet Captiva 2008 Diesel Good Condition,"PEELAMEDU, COIMBATORE",TODAY,
396,"₹ 1,65,000","2007 - 86,000 km","Hyundai Santro Xing GLS, 2007, Petrol","SARDAR PATEL ROAD PAIGHA COLONY, SECUNDERABAD",AUG 12,
397,"₹ 15,50,000","2015 - 52,000 km",Mitsubishi Pajero Sport 2009 Petrol 52000 Km Driven,"RAMAPURAM GIRI NAGAR, CHENNAI",JUL 30,
398,"₹ 7,19,999","2016 - 69,000 km","Ford Ecosport 1.5 Petrol Titanium Plus AT, 2016, Petrol","ST THOMAS MOUNT RAJESWARI COLONY, CHENNAI",YESTERDAY,
399,₹ 380,Halonix H4 12v 60/55w 37R E1 2F8 Car Headlight Bulbs qty. 2 nos .,"VIJAY LAYOUT, NAGPUR",TODAY,,
400,"₹ 1,80,000","2008 - 60,200 km",Hyundai Santro Xing 2008 immidiate sale peteol+ Lpg,"SECUNDERABAD RAILWAY STATION AREA, SECUNDERABAD",TODAY,
401,"₹ 2,60,000","2011 - 90,000 km",Maruti Suzuki Swift Dzire 2011 Petrol 90000 Km Driven,"SHASTRI NAGAR, PATHANKOT",TODAY,
402,"₹ 1,85,000","2011 - 72,000 km","Tata Manza Aura (ABS) Safire BS IV, 2011, Petrol","BALLUPURA, DEHRADUN",TODAY,
403,"₹ 2,23,000","2013 - 61,000 km",Maruti Suzuki Alto 800 2013 Petrol 61000 Km Driven,"MODEL TOWN, BATALA",TODAY,
404,"₹ 5,29,000","2019 - 29,900 km",Hyundai Grand i10 2019 Petrol Well Maintained,"KUTTIKKATTOOR, MAVOOR",TODAY,
405,"₹ 65,000","2003 - 85,000 km",Maruti Suzuki 800 85000 Km Driven,"DANKI GAON, HOJAI",TODAY,
406,"₹ 1,80,000","2015 - 145,000 km",Tata Indigo CS 2015 Diesel 145000 Km Driven,"BHANPURA, BHOPAL",TODAY,
407,"₹ 12,00,000","2017 - 31,000 km",Mahindra XUV500 2017 Diesel 31000 Km Driven,"JAIN BHAWAN, JAISALMER",TODAY,
408,"₹ 1,95,000","2010 - 85,000 km","Ford Figo 1.2P Titanium MT, 2010, Petrol","BALLUPURA, DEHRADUN",TODAY,
409,"₹ 2,30,000","2012 - 144,000 km",Tata Aria 2012 Diesel 144000 Km Driven,"GOBINDGARH, LUDHIANA",TODAY,
410,"₹ 2,50,000","2009 - 70,000 km",Hyundai i10,"MALAPPURAM UP HILL, MALAPPURAM",TODAY,
411,"₹ 1,75,000","2012 - 115,000 km",Maruti Suzuki Alto K10 2012,"BHANGARWADI, LONAVALA",TODAY,
412,"₹ 3,51,000","2011 - 103,000 km",Great owner driven Vento Diesel,"CHEMBUR, MUMBAI",TODAY,
413,"₹ 3,50,000","2013 - 60,000 km",Maruti Suzuki Swift 2013 Diesel Well Maintained,"MANGO, JAMSHEDPUR",TODAY,
414,"₹ 4,20,000","2012 - 109,374 km","Skoda Rapid, 2012, Diesel","RAJAJI NAGAR, BENGALURU",MAR 19,
415,"₹ 4,51,000","2013 - 64,400 km","Hyundai Elite i20 Asta 1.2, 2013, Petrol","KALYAN, THANE",JUL 03,
416,"₹ 2,90,000","2016 - 23,215 km",Maruti Suzuki Alto 800,"PALGAM, UMBERGAON",4 DAYS AGO,
417,"₹ 1,95,000","2014 - 57,200 km",Hyundai Santro Xing 2014,"SECTOR 1, ROHTAK",TODAY,
418,"₹ 5,50,000","2019 - 1,300 km",POWER TRAC EURO 50 HP TRACTOR,"MUNDUGOD, MUNDGOD",TODAY,
419,"₹ 3,65,000","2015 - 48,000 km",Honda Amaze 2015 CNG &amp, Hybrids Well Maintained,"PASCHIM VIHAR, DELHI",TODAY
420,"₹ 4,35,000","2011 - 42,000 km","Skoda Superb 2008-2013 Elegance 1.8 TSI AT, 2011, Petrol","BALLUPURA, DEHRADUN",TODAY,
421,"₹ 8,35,000","2014 - 75,000 km",Toyota Corolla Altis 2014 Petrol 75000 Km Driven,"MHADA COLONY, THANE",TODAY,
422,"₹ 3,10,000","2018 - 38,000 km",Maruti Suzuki Alto K10 2018,"KUMBARA KOPPAL KAVERI LAYOUT, MYSURU",TODAY,
423,"₹ 3,40,000","2016 - 57,000 km",Hyundai Grand i10 2016 Petrol 57000 Km Driven,"JIND RURAL, JIND",TODAY,
424,"₹ 35,000","2016 - 2,000 km",Maruti Suzuki Alto 5,"PABIACHERRA, KUMARGHAT",TODAY,
425,"₹ 2,73,000","2013 - 43,200 km","Maruti Suzuki Wagon R LXI, 2013, Petrol","DILSHAD GARDEN, DELHI",TODAY,
426,"₹ 83,000","2005 - 78,642 km",Maruthi zen 2005 Lxi ptrol,"TAWANGAL PARK, ABDU RAHIMAN NAGAR",TODAY,
427,"₹ 4,50,000","2013 - 200,000 km",Mahindra XUV500 2013 Diesel Well Maintained,"ATLADARA, VADODARA",TODAY,
428,"₹ 1,29,999","2009 - 52,000 km","Tata Indica V2 eXeta GL, 2009, Petrol","TIRUPPUR, TAMIL NADU",TODAY,
429,"₹ 3,00,000","2011 - 62,000 km",Honda Brio V MT for sale,"HOOTAGALLI INDUSTRIAL AREA, MYSURU",TODAY,
430,"₹ 90,000","2009 - 90,000 km",Tata Indigo 2009,"SHAHEEN NAGAR, HYDERABAD",TODAY,
431,"₹ 26,50,000","2017 - 80,000 km","Toyota Fortuner 3.0 4x2 Automatic, 2017, Electric","SUSHANT LOK PHASE 2, GURGAON",AUG 05,
432,"₹ 10,00,000","2019 - 5,000 km","Toyota Innova, 2019","MAVELIKARA, MAVELIKKARA",AUG 11,
433,"₹ 4,90,000","2014 - 34,000 km","Fiat Avventura MULTIJET Emotion, 2014, Diesel","MG ROAD, BENGALURU",AUG 12,
434,"₹ 9,50,000","2018 - 4,500 km",Maruti Suzuki Ciaz 2018 Automatic Brand new condition,"MADURAI, TAMIL NADU",TODAY,
435,"₹ 3,25,000","2017 - 36,000 km",Renault KWID 2017 Petrol 36000 Km Driven,"PADAVINANGADY, MANGALURU",TODAY,
436,"₹ 70,000","2006 - 75,000 km",Maruti Suzuki Alto 2006 Petrol 75000 Km Driven,"HARTHALA, MORADABAD",TODAY,
437,"₹ 3,00,000","2015 - 72,000 km",Mahindra bolero pickup,"BADSHAHPUR, GURGAON",TODAY,
438,"₹ 15,999","2007 - 92,000 km",Hyundai i10 2007 Petrol Well Maintained,"IRITTY, KANNUR",TODAY,
439,"₹ 5,00,000","2014 - 81,000 km",Hyundai i20 2014 Diesel 81000 Km Driven,"ANMOL NAGAR, VADODARA",TODAY,
440,"₹ 2,55,000","2013 - 48,000 km","Maruti Suzuki Alto 800 Lxi, 2013, Petrol","SECTOR 8B, CHANDIGARH",TODAY,
441,"₹ 2,25,000",2002 - 1 km,Pik up mahindra,"KIZHAKKEKKARA, ERATTUPETTA",TODAY,
442,"₹ 5,64,999","2018 - 65,000 km","Honda Brio 1.2 VX MT, 2018, Petrol","RAMAR KOIL, COIMBATORE",TODAY,
443,"₹ 2,85,000","2012 - 88,000 km","Mahindra Quanto C8, 2012, Diesel","SHAHIBAG, AHMEDABAD",TODAY,
444,"₹ 13,75,000","2011 - 48,000 km","Mercedes-Benz E-Class E250 CDI Elegance, 2011, Diesel","BHOVI PALYA, BENGALURU",TODAY,
445,"₹ 3,75,000","2008 - 76,000 km","Ford Endeavour 2007-2009 XLT TDCi 4X2, 2008, Diesel","SHAHIBAG, AHMEDABAD",TODAY,
446,"₹ 4,50,000","2016 - 63,000 km","Ford Figo Aspire Trend Plus, 2016, Diesel","SHAHIBAG, AHMEDABAD",TODAY,
447,"₹ 1,35,000","2006 - 65,000 km","Maruti Suzuki Wagon R 2006-2010 LXI Minor, 2006, Petrol","SHAHIBAG, AHMEDABAD",TODAY,
448,"₹ 7,50,000","2017 - 71,000 km","Mahindra Bolero Power Plus ZLX, 2017, Diesel","SUCHITRA ROAD, HYDERABAD",TODAY,
449,"₹ 2,50,000","2013 - 85,000 km","Chevrolet Sail U-VA 1.2 LS, 2013, Diesel","VASHI, NAVI MUMBAI",AUG 05,
450,"₹ 6,95,000","2016 - 72,000 km","Renault Duster 110PS Diesel RxZ, 2016, Diesel","TAMBARAM, CHENNAI",JUL 20,
451,"₹ 48,00,000","2018 - 62,000 km","Audi Q5 Others, 2018, Diesel","SUTARWADI, PUNE",JUL 02,
452,"₹ 7,51,000","2013 - 95,000 km","Mahindra XUV500 W8 4WD, 2013, Diesel","VARACHA, SURAT",TODAY,
453,"₹ 7,99,999","2018 - 56,000 km","Maruti Suzuki Swift AMT DDiS ZDI, 2018, Diesel","RAJAJINAGAR INDUSTRIAL TOWN, BENGALURU",TODAY,
454,"₹ 12,50,000","2018 - 770,000 km","Mahindra XUV500 W7, 2018, Diesel","MADDILAPALEM, VISAKHAPATNAM",TODAY,
455,"₹ 7,70,000","2016 - 86,191 km","Maruti Suzuki Ertiga VDI, 2016, Diesel","JAYANAGAR, SHIVAMOGGA",TODAY,
456,"₹ 1,60,000","2009 - 90,000 km","Maruti Suzuki Wagon R LXI, 2009, Petrol","CALICUT UNIVERSITY, KOZHIKODE",TODAY,
457,"₹ 4,30,000","2013 - 102,000 km","Hyundai Grand i10 2013-2016 Asta, 2013, Petrol","YEYYADI INDUSTRIAL ESTATE, MANGALURU",TODAY,
458,"₹ 3,50,000","2011 - 58,000 km","Chevrolet Cruze 2010-2011 LT, 2011, Diesel","MADHYA NAGARIA CHOWK, BILASPUR",TODAY,
459,"₹ 2,95,000","2011 - 56,000 km","Volkswagen Vento 1.5 TDI Highline, 2011, Diesel","SANTACRUZ WEST, MUMBAI",TODAY,
460,"₹ 2,97,000","2016 - 25,806 km","Renault KWID 1.0 RXT, 2016, Petrol","DAHANU ROAD, MUMBAI",TODAY,
461,"₹ 3,89,000","2014 - 58,482 km","Maruti Suzuki Celerio 2014-2017 VXI, 2014, Petrol","DAHANU ROAD, MUMBAI",TODAY,
462,"₹ 5,85,000","2017 - 108,000 km","Mahindra Xylo H4 BS IV, 2017, Diesel","RAJA NAGAR, TIRUNELVELI",TODAY,
463,"₹ 7,50,000","2016 - 37,000 km","Maruti Suzuki Ciaz 2014-2017 ZDi Plus, 2016, Diesel","KANJANY, THRISSUR",TODAY,
464,"₹ 1,50,000","2010 - 87,571 km","Maruti Suzuki A-Star Vxi, 2010, Petrol","VENPALAVATTOM, THIRUVANANTHAPURAM",TODAY,
465,"₹ 4,00,000","2013 - 81,373 km","Maruti Suzuki Swift VDI, 2013, Diesel","VENPALAVATTOM, THIRUVANANTHAPURAM",TODAY,
466,"₹ 4,75,000","2014 - 39,000 km","Nissan Micra 2012-2017 XV CVT, 2014, Petrol","NEHRU NAGAR, THRISSUR",TODAY,
467,"₹ 6,00,000","2015 - 62,524 km","Hyundai Verna 2015-2016 1.6 VTVT S Option, 2015, Petrol","RAJENDRA PLACE, DELHI",JUL 11,
468,"₹ 4,85,000","2017 - 28,185 km","Maruti Suzuki Celerio X Others, 2017, Petrol","GHATKOPAR EAST, MUMBAI",JUL 05,
469,"₹ 2,35,000","2015 - 85,000 km","Chevrolet Enjoy 1.3 TCDi LT 8, 2015, Diesel","DHEBAR, RAJKOT",7 DAYS AGO,
470,"₹ 90,000","2001 - 45,000 km","Maruti Suzuki 800 Std BSIII, 2001, Petrol","SECTOR 28C, CHANDIGARH",TODAY,
471,"₹ 2,60,000","2011 - 68,000 km","Maruti Suzuki Swift VXI, 2011, Petrol","PREET VIHAR, DELHI",TODAY,
472,"₹ 2,70,000","2012 - 77,000 km","Maruti Suzuki Wagon R 1.0 LXi CNG, 2012, CNG & Hybrids","PREET VIHAR, DELHI",TODAY,
473,"₹ 18,50,000","2018 - 720,000 km",Toyota Innova Crysta 2018 Diesel 720000 Km Driven.,"ANNA NAGAR BHARAT PETROLEUM STAFF QUARTERS, CHENNAI",TODAY,
474,"₹ 2,30,000","2012 - 32,111 km","Hyundai Santro Xing GLS, 2012, Petrol","GOLAGHAT GRANT, GOLAGHAT",TODAY,
475,"₹ 2,70,000","2011 - 73,000 km","Toyota Etios 1.5 VX, 2011, Petrol","SECTOR 37, GURGAON",TODAY,
476,"₹ 3,65,000","2016 - 72,000 km",Toyota Etios Liva 2016 Diesel 72000 Km Driven,"BADARPUR, DELHI",TODAY,
477,"₹ 14,00,000","2016 - 74,000 km","Toyota Innova Crysta, 2016, Diesel","WARANGOD, MALAPPURAM",TODAY,
478,"₹ 4,50,000","2016 - 102,000 km","Honda Amaze, 2016, Diesel","WARANGOD, MALAPPURAM",TODAY,
479,"₹ 3,50,000","2013 - 170,000 km","Toyota Etios Liva, 2013, Diesel","WARANGOD, MALAPPURAM",TODAY,
480,"₹ 3,50,000","2013 - 170,000 km","Toyota Etios Liva, 2013, Diesel","WARANGOD, MALAPPURAM",TODAY,
481,"₹ 8,00,000","2012 - 160,000 km","Toyota Innova 2.5 V 7 STR, 2012, Diesel","WARANGOD, MALAPPURAM",TODAY,
482,"₹ 4,75,000","2012 - 88,000 km","Toyota Corolla Altis, 2012, Diesel","WARANGOD, MALAPPURAM",TODAY,
483,"₹ 3,00,000","2012 - 87,000 km","Maruti Suzuki Wagon R VXI, 2012, Petrol","WARANGOD, MALAPPURAM",TODAY,
484,"₹ 2,75,000",2005 - 0 km,"Mercedes-Benz Others, 2005, Petrol","WARANGOD, MALAPPURAM",TODAY,
485,"₹ 18,75,000","2017 - 131,000 km","Toyota Innova Crysta 2.8Z Automatic, 2017, Diesel","WARANGOD, MALAPPURAM",TODAY,
486,"₹ 5,00,500","2016 - 80,343 km","Ford Ecosport 1.5 TDCi Trend, 2016, Diesel","ROHINI, DELHI",AUG 05,
487,"₹ 8,10,000","2018 - 50,193 km","Maruti Suzuki S-Cross Zeta 1.3, 2018, Diesel","ADYAR THIRUVENGADAM, CHENNAI",AUG 12,
488,"₹ 5,10,000","2020 - 7,300 km","Maruti Suzuki Wagon R VXI 1.2, 2020, Petrol","SECTOR 21B, CHANDIGARH",JUL 28,
489,"₹ 6,50,000","2011 - 140,000 km","Toyota Innova, 2011, Diesel","WARANGOD, MALAPPURAM",TODAY,
490,"₹ 4,00,000","2007 - 140,000 km","Toyota Innova, 2007, Diesel","WARANGOD, MALAPPURAM",TODAY,
491,"₹ 3,60,000","2014 - 101,000 km","Maruti Suzuki Ritz VXi, 2014, Petrol","WARANGOD, MALAPPURAM",TODAY,
492,"₹ 3,25,000","2014 - 105,000 km","Toyota Etios 1.5 G, 2014, Petrol","WARANGOD, MALAPPURAM",TODAY,
493,"₹ 7,75,000","2014 - 140,000 km","Toyota Innova, 2014, Diesel","WARANGOD, MALAPPURAM",TODAY,
494,"₹ 4,30,000","2013 - 95,000 km","Maruti Suzuki Ertiga VDI, 2013, Diesel","WARANGOD, MALAPPURAM",TODAY,
495,"₹ 5,95,000","2014 - 75,000 km","Honda City 2014-2015 i DTEC VX, 2014, Diesel","RAM NAGAR, AHMEDABAD",TODAY,
496,"₹ 5,70,000","2017 - 51,000 km","Maruti Suzuki Baleno 1.2 Delta, 2017, Petrol","MALOW ALI, JORHAT",TODAY,
497,"₹ 2,90,000","2009 - 58,000 km","Toyota Corolla Altis 2013-2017 VL AT, 2009, Petrol","JHILMIL COLONY, DELHI",TODAY,
498,"₹ 5,10,001","2013 - 92,000 km","Hyundai Verna 2011-2014 1.6 SX, 2013, Diesel","VADAMADUAAI, COIMBATORE",TODAY,
499,"₹ 3,80,000","2013 - 71,000 km","Hyundai Grand i10 Asta 1.1 CRDi, 2013, Diesel","KAMLA NEHRU NAGAR, JODHPUR",TODAY,
500,"₹ 3,50,000","2013 - 73,000 km",Swift vdi model 2013,"LOKHAI, LEHRAGAGA",TODAY,
501,"₹ 11,50,000","2014 - 55,000 km","Mercedes-Benz New C-Class C 220 CDI Avantgarde, 2014, Diesel","MBS NAGAR, DELHI",TODAY,
502,"₹ 90,000","2003 - 60,000 km","Maruti Suzuki 800 AC, 2003, Petrol","SHERIFF COLONY EXTN, TIRUPPUR",TODAY,
503,"₹ 3,25,000","2007 - 90,000 km","Toyota Innova 2004-2011 2.5 G4 Diesel 7-seater, 2007, Diesel","VERSOVA, MUMBAI",TODAY,
